phase,item,change,files,status,notes
A,2,Radius scale tightened (10/16/22 -> 8/12/16),FORGE/App/DesignSystem.swift,done,
A,8,ForgeToast shadow softened to match flat/hairline language,FORGE/App/Components.swift,done,also audited chips/text fields/empty state - already consistent, no change needed
A,10,WeeklyChartsView hardcoded sleep/hydration hex -> ForgeColors tokens,FORGE/App/DesignSystem.swift; FORGE/Features/Progress/WeeklyChartsView.swift,done,new dataSleep/dataHydration tokens with distinct light/dark values
B,4,Train screens pass,FORGE/Features/Train/TrainView.swift; DaySectionView.swift; WorkoutRow.swift; AddWorkoutSheet.swift; CopyDaySheet.swift,done,TrainView/DaySectionView/WorkoutRow already consistent (forgeCard etc); real fix was AddWorkoutSheet + SaveTemplateSheet using raw system Form with no theming - added scrollContentBackground(.hidden)+forgeScreenBackground() matching ApplyTemplateSheet's existing pattern
C,5,Suggest screens pass,FORGE/Features/Suggest/SuggestView.swift; ExerciseListView.swift; ExerciseDetailSheet.swift; SubgroupListView.swift,done,already fully consistent (forgeCard/forgeScreenBackground/tokens throughout, no raw Form) - verified ExerciseDetailSheet visually, no code changes needed
D,3,Detail sheets pass,FORGE/Features/Progress/DayDetailSheet.swift; HydrationDetailSheet.swift; SleepDetailSheet.swift; WorkoutBreakdownSheet.swift; TotalWorkoutsDetailSheet.swift,done,DayDetailSheet/WorkoutBreakdownSheet already consistent; Hydration/SleepDetailSheet had local hardcoded hex duplicating the Phase A dataSleep/dataHydration tokens - now reference forge.dataSleep/forge.dataHydration; TotalWorkoutsDetailSheet's 10-color category palette left as-is - legitimate categorical dataviz legend, not a violation
E,6,Badges: weight-based earned/unearned instead of color+opacity,FORGE/Features/Gamification/BadgeGridView.swift; FORGE/Features/Profile/BadgeDetailSheet.swift,done,earned badges no longer use accent/accentSoft - both states now share forge.raised circle, distinguished only by textPrimary vs textTertiary weight, matching the calendar's worked/rest/missed language; dropped the redundant container opacity() dimming
F,7,Live workout / rest timer pass,FORGE/Features/LiveWorkout/LiveWorkoutView.swift; RestTimerView.swift,done,already fully consistent (forgeCard/forgeScreenBackground/forgeGlassPrimary-Secondary/flat ProgressRing throughout) - no code changes needed, not separately screenshotted since it reuses components already visually verified elsewhere
G,1,Widgets brought in line (lock/home screen + Live Activity),ForgeWidget/ForgeWidget.swift; ForgeWaterWidget.swift; LiveWorkoutActivityWidget.swift,done,mostly already consistent (same hex values as app dark theme, flame-as-hero pattern already restrained). Two real fixes: ForgeWaterWidget's goal-hit button used literal Color.green (the one remaining green in the whole app after round 1 dropped all green/red status colors) - now stays waterColor, icon glyph alone signals complete state; Live Activity banner's icon backdrop was plain Color.white.opacity(0.1) - now an accent-tinted badge circle matching CategoryIcon's pattern. Not screenshot-verified (no tap automation to add a widget to the simulator home screen); both are simple, low-risk color-literal swaps confirmed via build + code review.
H,9,Motion recalibration (bounce/spring intensity audit),FORGE/Features/Home/HomeCards.swift,done,audited all .spring()/.symbolEffect(.bounce) app-wide. Streak-flame bounce and workout-completion checkmark bounce kept - tied to real accomplishment moments, the motion equivalent of the single reserved hero. Toast spring (dampingFraction 0.85) already appropriately quiet. Only fix: hydration/sleep dot-selection springs were dampingFraction 0.6 (bouncy) - tightened to 0.8 to match the quieter visual language
